Model,RMSE,MAE,R2,MAPE,Final_Train_Error,Final_Val_Error,Train_Val_Gap,L2_Lambda,Dropout_Rate,Description
Light regularization,39599.237830454855,30307.4830143767,0.7057483935476858,17.916181905739563,0.002952332629023751,0.0023453081406094273,0.0006070244884143236,0.001,0.1,Light regularization
Moderate regularization,57054.73310901287,40362.93842118496,0.38915848635785355,22.543713292092338,0.005233071645340614,0.003466069887861808,0.001767001757478806,0.001,0.2,Moderate regularization
Strong L2 + moderate dropout,171964.81381159055,155696.36186024453,-4.549123314510402,116.53487406973598,0.03676246187593073,0.03419353635271874,0.0025689255232119873,0.01,0.2,Strong L2 + moderate dropout
Light L2 + strong dropout,69014.78555736595,51708.299014430915,0.10622238357138691,29.061099669615135,0.0064658150051854334,0.004934612457423754,0.0015312025477616795,0.001,0.3,Light L2 + strong dropout
